set_id,source_file,collection_name,shape_family,dominant_palette,finish,style_dimension,primary_techniques,motifs,embellishments,style_family,mood,split,permission_status,representative_caption,review_notes
set_0001,1.png,Oceanic Copper Sculpt,long stiletto,teal|aqua|pearl|copper|gold,glossy|chrome|pearl,3D,sculpted_shell|3d_ripple|isolated_chrome,ripple|butterfly_wing|abstract,bubble_accents|caviar_beads,oceanic_copper_sculpt,editorial|futuristic|luxe,train,owned_and_approved,"single press-on nail, long stiletto shape, glossy teal and pearl base, copper isolated chrome lines, raised sculpted shell ripple texture, bubble accents, futuristic ocean-inspired luxury nail art",
set_0002,3.png,Midnight Celestial Cat Eye,medium almond,navy|silver_blue,glossy|glitter|magnetic,mixed,cat_eye|full_glitter|raised_gel,star|celestial,none,midnight_celestial_cat_eye,dreamy|celestial,val,owned_and_approved,"single press-on nail, medium almond shape, deep navy glitter base, magnetic cat-eye shimmer, glossy finish, raised pale blue star motif, dreamy celestial nail art",
set_0003,5.png,Earthy Animal Luxe,medium almond,nude|brown|black|gold,glossy,mixed,animal_print|hand_painted_floral|gold_framing,butterfly|flower|zebra|tortoise,caviar_beads|rhinestone|charm,earthy_animal_luxe,luxe|earthy|editorial,train,owned_and_approved,"single press-on nail, medium almond shape, glossy nude base, earthy brown animal print, gold caviar bead framing, butterfly floral details, luxury editorial nail art",
set_0004,7.png,Icy Butterfly Jelly,medium almond,translucent_white|icy_blue|silver,glossy|jelly|pearl,mixed,ombre|chrome_outline|raised_gel,butterfly_wing|bubble|abstract,bubble_accents,icy_butterfly_jelly,ethereal|soft|dreamy,train,owned_and_approved,"single press-on nail, medium almond shape, translucent icy white jelly base, soft blue ombre, silver chrome butterfly-wing outline, raised clear bubble accents, ethereal nail design",
set_0005,9.png,Cobalt Floral French,medium almond,nude|cobalt_blue,glossy,2D,curved_french|airbrush_gradient|floral_paint,flower|diamond|abstract,rhinestone,cobalt_floral_french,elegant|modern,test,owned_and_approved,"single press-on nail, medium almond shape, glossy nude base, rounded cobalt blue French tip, soft airbrushed floral detail, tiny crystal accent, modern elegant nail art",
set_0006,11.png,Cobalt Gold Isolated Chrome,long stiletto,cobalt_blue|navy|gold,glossy|chrome,mixed,isolated_chrome|chrome_outline|negative_space,4point_star|abstract|linework,caviar_beads,cobalt_gold_isolated,bold|futuristic|luxe,train,owned_and_approved,"single press-on nail, long stiletto shape, glossy cobalt blue base, gold isolated chrome linework, four-point star motif, sculptural futuristic luxury nail design",
set_0007,15.png,Olive Jelly Vein,short almond,olive_green|black|gold,glossy|jelly,2D,marble|foil|veining,marble_vein|abstract,none,olive_jelly_vein,earthy|minimal|luxe,train,owned_and_approved,"single press-on nail, short almond shape, translucent olive jelly base, dark smoky marbling, fine gold vein accents, glossy earthy luxury nail art",
set_0008,17.png,Navy Nude Organic Gold,medium almond,nude|navy|gold,glossy|chrome,mixed,curved_french|isolated_chrome|3d_swirl,organic_frame|ripple|abstract,caviar_beads,navy_nude_organic_gold,luxe|editorial|modern,train,owned_and_approved,"single press-on nail, medium almond shape, glossy nude base, navy curved French tip, gold isolated chrome organic frame, small caviar bead accents, editorial luxury nail art",
set_0009,19.png,Blush 3D Floral,long almond,blush|coral_pink,glossy|jelly,3D,raised_flower|3d_petals|airbrush_gradient,flower|butterfly_wing|petal,rhinestone,blush_3d_floral,romantic|soft|artistic,train,owned_and_approved,"single press-on nail, long almond shape, translucent blush base, soft coral airbrush gradient, raised 3D flower petals, crystal center, romantic sculptural nail art",
set_0010,21.png,Emerald Gold French,long almond,nude|emerald_green|gold,glossy,mixed,curved_french|chrome_outline,4point_star,star_charm,emerald_gold_french,elegant|luxe|minimal,val,owned_and_approved,"single press-on nail, long almond shape, glossy nude base, rounded emerald green French tip, thin gold chrome outline, small four-point star charm, elegant luxury design",
set_0011,23.png,Pink Rhinestone Frame,long square,nude|hot_pink,glossy,3D,rhinestone_frame|curved_french,u_frame,rhinestone|gem,pink_rhinestone_frame,glam|bold|playful,train,owned_and_approved,"single press-on nail, long square shape, glossy nude base, hot pink rhinestone U-frame around the tip and sidewalls, maximal glamorous crystal nail art",
set_0012,25.png,Sage Translucent Marble,short almond,sage_green|milky_white,glossy|jelly,2D,marble|aura|ombre,abstract|bubble,none,sage_translucent_marble,soft|minimal|organic,test,owned_and_approved,"single press-on nail, short almond shape, translucent sage green jelly base, milky white soft marble aura, glossy organic minimalist nail design",
set_0013,27.png,Chrome Heart Editorial,long almond,nude|plum|silver,glossy|chrome,mixed,isolated_chrome|chrome_outline|full_chrome,heart|flower|4point_star|linework,rhinestone,chrome_heart_editorial,romantic|editorial|futuristic,train,owned_and_approved,"single press-on nail, long almond shape, glossy plum or nude base, silver isolated chrome heart and floral linework, crystal accent, romantic editorial nail design",
set_0014,29.png,Plum Chain Flower,long coffin,plum|magenta|silver|gold,glossy|chrome,mixed,raised_flower|3d_swirl|isolated_chrome,flower|swirl|4point_star,chain|caviar_beads|rhinestone,plum_chain_flower,maximal|luxe|dramatic,train,owned_and_approved,"single press-on nail, long coffin shape, deep plum glossy base, raised magenta flower, silver chrome swirls, draped bead chain and rhinestone accents, dramatic maximal nail art",
set_0015,31.png,Burgundy Sparkle French,long almond,nude|burgundy|silver,glossy|glitter,mixed,curved_french|glitter_border|isolated_chrome,4point_star,rhinestone,burgundy_sparkle_french,elegant|romantic|luxe,train,owned_and_approved,"single press-on nail, long almond shape, glossy nude and burgundy curved French design, fine silver glitter border, four-point starburst and crystal detail, elegant romantic nail art",
set_0016,35.png,Burgundy Gold French,medium almond,nude|burgundy|gold,glossy,mixed,curved_french|chrome_outline,4point_star,star_charm,burgundy_gold_french,classic|luxe|minimal,val,owned_and_approved,"single press-on nail, medium almond shape, glossy nude base, rounded burgundy French tip, thin gold chrome smile line, small gold four-point star charm, polished luxury design",
set_0017,37.png,Smoky Marble Gold,long almond,black|grey|white|gold,glossy|chrome|pearl,mixed,marble|isolated_chrome|sculpted_shell,ring|4point_star|shell|abstract,metallic_ring,smoky_marble_gold,editorial|futuristic|luxe,train,owned_and_approved,"single press-on nail, long almond shape, smoky black grey and white marble base, molten gold chrome accents, metallic ring motif or pearlescent shell relief, editorial futuristic nail art",
set_0018,39.png,Floral Yellow Pink Art,long almond,pink|yellow|sage|gold,glossy,mixed,floral_paint|marble|gold_framing,flower|botanical|marble_vein,none,floral_yellow_pink_art,artistic|playful|editorial,test,owned_and_approved,"single press-on nail, long almond shape, glossy pink yellow and sage palette, hand-painted botanical floral pattern, marbled texture and gold chrome framing, artistic editorial nail design",
set_0019,41.png,Nude Gold Leaf Square,medium square,nude|beige|gold,glossy|jelly,mixed,foil|encapsulated_look|bubble_accents,leaf|vine,clear_bubble,nude_gold_leaf_square,minimal|organic|elegant,train,owned_and_approved,"single press-on nail, medium square shape, translucent nude glossy base, delicate gold leaf vine accents, clear gel bubbles and encapsulated botanical detail, minimal elegant nail art",
set_0020,43.png,Tropical Coral Relief,long almond,coral|pink|yellow|nude,glossy|jelly,3D,raised_flower|3d_petals|airbrush_gradient,flower|petal|ripple|abstract,metallic_bead,tropical_coral_relief,tropical|artistic|bold,train,owned_and_approved,"single press-on nail, long almond shape, glossy coral pink and yellow gradient, sculpted 3D floral petals and shell-like ripple relief, tropical artistic nail design",
